QA,Picture,Text
1,None,"Cum Dumpster"
1,None,"Cunt"
1,None,"Cutting his dick off"
1,None,"David Hasselhoff"
1,None,"dead puppies"
1,None,"Defying the laws of physics"
1,None,"Detroit"
1,None,"Diarrhea"
1,None,"Discovering you're the main dish at a cannibal gathering"
1,None,"Disgruntled Apple fanboys"
1,None,"Disney-themed weddings"
1,None,"Donkey Shows"
1,None,"Down's Syndrome"
1,None,"Dressing up in blackface"
1,None,"Dropkicking anti-Semitic lesbians"
1,None,"Dropping your iPhone into a urinal"
1,None,"Drunk-texting an ex"
1,None,"East Indians"
1,None,"Eating the yellow snow"
1,None,"Editing Wikipedia to win an argument"
1,None,"Elderly abuse"
1,None,"Ellen Degeneres"
1,None,"Encouraging children to eat lead paint chips"
1,None,"Encouraging your passenger to moon a bus full of children when you pass it"
1,None,"Etsy"
1,None,"Eugenics for fun and profit"
1,None,"Europeans"
1,None,"Euthanasia"
1,None,"Excruciatingly graphic Sonic the Hedgehog fan fiction"
1,None,"Extremely tight pants"
1,None,"Faith healing"
1,None,"Farting into your petticoats and wafting it at Lord Gregory"
1,None,"Fat American children"
1,None,"Fellatio"
1,None,"Feminists with facial hair"
1,None,"Finding out that your lover is gay"
1,None,"Finding your roommate passed out wearing a clown costume in a public bathroom"
1,None,"Finishing off a pint of Ben \& Jerry's and knowing you'd have kept eating more if it had been a gallon container"
1,None,"First world problems"
1,None,"Fistnig"
1,None,"Fleshlights"
1,None,"Forgetting the safe word"
1,None,"Forwarding your grandmother all your erectile dysfunction pill spam"
1,None,"Frantically clicking pictures of cats on the internet"
1,None,"Fred Phelps being sodomized with a Wookie (Yes, With, Not By)"
1,None,"Free candy from strangers"
1,None,"Front butt"
1,None,"Fuck You"
1,None,"Fucking magnets, how do they work?"
1,None,"Fucking while watching Schindler's List"
1,None,"Furries Yeah, Furries"
1,None,"Gaining 100 pounds after you get married"
1,None,"Gay cowboys eating pudding"
1,None,"Gay for pay"
1,None,"Gay Midget Donkey Porn"
1,None,"Gay Twilight Porn"
1,None,"Gay-marrying your prison rapist"
1,None,"Genital warts"
1,None,"Gerbils"
1,None,"Getting 'unfriended' on Facebook"
1,None,"Getting a lapdance from Hilary Clinton"
1,None,"Getting angry at something just to pass the time"
1,None,"Getting unfriended by your mom on Facebook"
1,None,"Getting Your Period For The First Time"
1,None,"Giant squid"
1,None,"Gingers"
1,None,"Girl Scouts on steroids"
1,None,"Girls Gone Wild"
1,None,"Girls who souldn't go wild"
1,None,"Giving over to the dark side"
1,None,"God Hates You"
1,None,"Going on a Pop-Tart bender"
1,None,"Going to black friday sales at 4am"
1,None,"Hair in the shower drain"
1,None,"Having a PhD in 'experimenting' with homosexuality"
1,None,"Having dinner with your ex"
1,None,"Having sex with a bowl of jello"
1,None,"Helen Keller"
1,None,"Helen Keller’s Driving school"
1,None,"Hello Kitty"
1,None,"Hello!"
1,None,"Herpes"
1,None,"Hillary Clinton's gynecologist"
1,None,"Hitler’s House of Barbecue"
1,None,"Hoarders"
1,None,"homoerotic frat boys"
1,None,"Hugging your grandma while you have an erection"
1,None,"Human sacrifice"
1,None,"Hunting accidents"
1,None,"Hymen reconstruction surgery"
1,None,"I love you"
1,None,"I'm friends with your dad on Facebook"
1,None,"Illegal immigrants"
1,None,"Improvised explosive devices"
1,None,"Indecent exposure"
1,None,"Indian Food Poops"
1,None,"Infuriating Incompetence"
1,None,"Insatiable blood lust"
1,None,"Insatiable bloodlust"
1,None,"Ironic facial hair"
1,None,"Jackass 19 year olds who wear sunglasses at the poker table"
1,None,"Jacking Off Onto The Wedding Cake And Telling Everyone It's Just Frosting"
1,None,"Jacking off to Saturday morning cartoons"
1,None,"Jailbait"
1,None,"Japanese schoolgirl porn"
1,None,"Jerry Sandusky’s Security Blanket"
1,None,"Jerry’s Kids"
1,None,"Jesus"
1,None,"Jock Itch"
1,None,"Joe Biden's recurring wet dream"
1,None,"Kibbles'n Bits"
1,None,"Kicking a man while he's Tebowing"
1,None,"Kicking Puppies"
1,None,"Kumquats"
1,None,"Ladies' underwear purchased from a vending machine"
1,None,"Laughing at orphans"
1,None,"Lesbian stripper ninjas"
1,None,"Lolcats"
1,None,"Losing your virginity to someone you just met at a frat party"
1,None,"Lying to a girl to get her to put out"
1,None,"Lying to terminally ill children about their life expectancy"
1,None,"Lyme Disease"
1,None,"M-m-m-mocking st-st-st-stutterers"
1,None,"Making a girl pay on the first date"
1,None,"Making love to a really sexy sheep"
1,None,"Male pregnancy"
1,None,"Man Boobs"
1,None,"Masturbating With Glue"
1,None,"Me in a thong"
1,None,"Mecha-Hitler"
1,None,"Mel Gibson's sanity"
1,None,"Metal Gear"
1,None,"Michigan"
1,None,"Mistaking a retarded person for someone who's merely deaf"
1,None,"Misunderstood pedophiles"
1,None,"Mocking autistic children because they don't have feelings"
1,None,"Monkeys Fucking"
1,None,"Mother Theresa's rotting corpse"
1,None,"Motherfucking Cthulhu"
1,None,"Muhammed Ali"
1,None,"Muscles"
1,None,"Muslims"
1,None,"My dick in a box"
1,None,"My hopes and dreams"
1,None,"NCIS Fanfiction"
1,None,"Never being able to look your dog in the eyes again"
1,None,"New England Clam Chowder"
1,None,"Nicholas Cage's storied career"
1,None,"Not knowing the difference between trolling and being wrong"
1,None,"Not using enough lube"
1,None,"NPR"
1,None,"Nude wrestling"
1,None,"Nuns"
1,None,"Object-sexuals"
1,None,"Off-duty Nazis just looking for a good time"
1,None,"Old ladies paying by check"
1,None,"Old Man Penis"
1,None,"Old people having loud sex"
1,None,"Cryogenically frozen testicles"
1,None,"2 Girls 1 Cup"
1,None,"50 Shades of Grey"
1,None,"70's bush"
1,None,"A 60 year old who is hot in a weird way"
1,None,"A Bag of Milky Ways"
1,None,"A bar-mitzvah"
1,None,"A beat so fresh, it just might destroy the universe"
1,None,"A bitch slap"
1,None,"A bitchy email from your boss"
1,None,"A black hole"
1,None,"A black-and-white episode of 'Gilligan's Island'"
1,None,"A box full of terrible foreign candy"
1,None,"A bucket of angry tiger cubs"
1,None,"A bushy mustache"
1,None,"A car trunk full of hot, glistening tripe"
1,None,"A chainmail bikini"
1,None,"A cheap motel"
1,None,"A cheesy discharge"
1,None,"A cripple fight"
1,None,"A crippled albino midget"
1,None,"A crying stripper"
1,None,"A day care Fight Club"
1,None,"A dead hooker"
1,None,"A dildo"
1,None,"A dude in a thong"
1,None,"A failed abortion"
1,None,"A fat ass in spandex"
1,None,"A foul mouthed Furby"
1,None,"A freshly waxed handle bar mustache"
1,None,"A gas station bathroom"
1,None,"A glass jar with a preserved two-headed fetal pig"
1,None,"A gold digger"
1,None,"A grown man crying at a movie"
1,None,"A Hello Kitty vibrator"
1,None,"A hilarious failed suicide attempt"
1,None,"A horse with a boner"
1,None,"A husband"
1,None,"A man pretending to be a woman's 'gay friend' in order to get at that sweet vadge"
1,None,"A man shot over a game of dominoes"
1,None,"A man-sized hamster wheel"
1,None,"A Maury Povitch paternity test"
1,None,"A millionaire with a heart of gold"
1,None,"A molester mustache"
1,None,"A monolith"
1,None,"A ninja with diarrhea"
1,None,"A pack of Mentos and a two-liter bottle of Diet Coke"
1,None,"A pearl necklace"
1,None,"A person who is a douche but still hot"
1,None,"A piñata full of scorpions"
1,None,"A porn star with daddy issues"
1,None,"A prosthetic leg"
1,None,"A racist uncle"
1,None,"A really ugly baby"
1,None,"A rubber snake"
1,None,"A rusty trombone"
1,None,"A sadistic dentist"
1,None,"A self-fulfilling prophecy"
1,None,"A suspiciously convenient plot device"
1,None,"A televangelist getting caught picking up male prostitutes"
1,None,"A time machine"
1,None,"A toddler-sized coffin"
1,None,"A tramp stamp"
1,None,"A vintage collection of Kirk-Spock slashfic"
1,None,"A wet willy"
1,None,"A wheelchair death race"
1,None,"A whiny Taylor Swift song about a guy screwing her over"
1,None,"A wife"
1,None,"A wisecracking terrorist"
1,None,"A wizard's sleeve"
1,None,"A woman scorned"
1,None,"A woman scorned"
1,None,"A yeast infection"
1,None,"Accidentally sexting your mom"
1,None,"Adult diapers"
1,None,"Adult friendfinder"
1,None,"Amputee sex"
1,None,"An attractive midget"
1,None,"An awkward boner"
1,None,"An Explosion of Juices in My Mouth"
1,None,"An uncomfortably attractive pre-op tranny"
1,None,"Anal Leakage"
1,None,"Anal warts"
1,None,"Anne Frank"
1,None,"Anyone who puts Baby in a corner"
1,None,"Asians"
1,None,"Asians being racist against each other"
1,None,"Asking her when she's due and finding out she's not pregnant"
1,None,"Ass-to-mouth"
1,None,"Assholes"
1,None,"Assuming all handicapped people are retarded"
1,None,"Atheists and agnostics"
1,None,"Attending church"
1,None,"Autistic Kids"
1,None,"Autoerotic asphyxiation"
1,None,"Baby pigs wearing people clothes"
1,None,"Back hair"
1,None,"Band geeks"
1,None,"Barely 18 Chaz Bono"
1,None,"Bath salts"
1,None,"Bea Arthur’s Saggy Boobs"
1,None,"Bears"
1,None,"Beating Rodney King"
1,None,"Because Fuck You, That's Why"
1,None,"Becoming a Junior High Chess Champion for the sweet hook-ups"
1,None,"Becoming what you hate"
1,None,"Bedbugs"
1,None,"Beef"
1,None,"Beer Farts"
1,None,"Being 'a little pregnant'"
1,None,"Being friends with someone who is awful, but frequently picks up the check at dinner"
1,None,"Being happy you just made a gay friend so you can use the phrase 'my gay friend'…"
1,None,"Being Raped By A Moose"
1,None,"Being turned on by phallic vegetables"
1,None,"Being uncomfortable realizing you're outnumbered by members of another race"
1,None,"Belly Button Lint"
1,None,"Biggest Losers"
1,None,"Bin Laden"
1,None,"Binders full of women"
1,None,"Black Jesus"
1,None,"Blacking out"
1,None,"Blood diamonds"
1,None,"Bloody poop"
1,None,"Blue Waffle"
1,None,"Boobs that sag down to her knees"
1,None,"Botched facelift"
1,None,"Botulism"
1,None,"Boy bands"
1,None,"Breaking into a zoo to steal a monkey"
1,None,"Breast Cancer"
1,None,"Breath so bad that your butt is mad at your mouth"
1,None,"Bunnies"
1,None,"Burning in hell"
1,None,"Burning when you pee"
1,None,"Butt acne"
1,None,"Butt Hair"
1,None,"Butter"
1,None,"Butthurt"
1,None,"Canned tuna with extra dolphin"
1,None,"Cards Against Humanity"
1,None,"Carrot Top's pecs"
1,None,"Cartoon pussy"
1,None,"Celebrity beaver shot"
1,None,"Cellophane underwear"
1,None,"Charlie Sheen"
1,None,"Childrens' crutches"
1,None,"Chimpanzees with anger management issues"
1,None,"Chris Farley seductively rubbing his nipples"
1,None,"Chubby Chasers"
1,None,"Chuck Norris"
1,None,"Chunks of dead prostitute"
1,None,"Classic Mickey Mouse porn"
1,None,"Clubbing baby seals"
1,None,"Consensual rape"
1,None,"Cookies and kittens"
1,None,"Cousin cuddling"
1,None,"Cracking your knuckles"
1,None,"Cripple Fight"
1,None,"Crotchless toddler underwear"
1,None,"Sticking a fork in an electrical socket"
1,None,"One trillion dollars"
1,None,"Oprah's Va-Jay-Jay"
1,None,"Our homeless veterans"
1,None,"Paris Hilton"
1,None,"PCP"
1,None,"Pedophilia"
1,None,"Penguin orgy"
1,None,"Penis implants"
1,None,"People who smell their own socks"
1,None,"Performing sex acts learned from Urban Dictionary"
1,None,"Pirate customer service representatives"
1,None,"Pizza, Pot and Porn"
1,None,"Pooping in the soup"
1,None,"Popeye's Chicken"
1,None,"Prison Rape"
1,None,"Prosti-tots"
1,None,"Public restrooms"
1,None,"Puns that aren't funny"
1,None,"Putting out on the first date"
1,None,"Putting the 'fun' in 'fundamentalism'"
1,None,"Putting wheel locks on wheelchairs"
1,None,"Queen Latifah"
1,None,"Quoting Monty Python"
1,None,"Randy gerbils totally macking you"
1,None,"Reading Rainbow"
1,None,"Realdoll owners"
1,None,"Reality television"
1,None,"Realizing too late that there's no toilet paper left"
1,None,"Reparations for slavery"
1,None,"Richard simmons in a pink sparkly tanktop"
1,None,"Riding the short bus"
1,None,"Robbing a sperm bank"
1,None,"Rock-Paper-Scissors-Lizard-Spock"
1,None,"Rodent feces"
1,None,"Ron Jeremy's penis"
1,None,"Rotting elk carcasses"
1,None,"Rusty Trombone"
1,None,"Salmonella"
1,None,"Sand in My Vagina"
1,None,"Saying 'I disapprove of what you say, but I will defend to the death your right to say it' when you know you wouldn't"
1,None,"Seabirds strangled by plastic six-pack rings"
1,None,"Secondhand adult diapers"
1,None,"Self-diagnosed Asperger's Syndrome sufferers"
1,None,"Semen"
1,None,"Sex with vegetables"
1,None,"Sexual experimentation in college"
1,None,"Shaken Baby Syndrome"
1,None,"Sharting"
1,None,"Sheep"
1,None,"Showing up to an orgy for the food"
1,None,"Sipping artificial popcorn butter"
1,None,"Slaughtering innocent children"
1,None,"Slavery"
1,None,"Slutty nuns"
1,None,"Smelly hippies"
1,None,"Smelly Vaginas"
1,None,"Smurf-on-smurfette action"
1,None,"Snitching"
1,None,"Snookis Vagina"
1,None,"Speaking English instead of American"
1,None,"Squirrel-on-whale action"
1,None,"Starting a cult for tax breaks"
1,None,"Stealing Babies"
1,None,"Stealing Wheelchairs"
1,None,"Stepping in gum"
1,None,"Stepping on a hairball with a bare foot"
1,None,"Stigmata"
1,None,"Stormtroopers"
1,None,"Stunt cock"
1,None,"Suburban chain restaurants"
1,None,"Sucking some dicks to not get drafted"
1,None,"Suicidal Foxconn employees"
1,None,"Swingers"
1,None,"Synchronized Sneezing"
1,None,"Syrup Sex"
1,None,"Taking a dump in the ball pit at Chuck E Cheese"
1,None,"Taking body shots off your mom"
1,None,"Taking fantasy football way too seriously"
1,None,"Teen Pregnancy"
1,None,"Telling a nun to eat a dick"
1,None,"Texas Sleigh Rides"
1,None,"Thai Lady Boys"
1,None,"That 'not-so-fresh' feeling"
1,None,"That crazy bitch you work with"
1,None,"That feeling when you encounter a handicapped person waiting for you to leave the largest stall in a restroom"
1,None,"That guy who is pretty much a dick but you're still friends with him anyway"
1,None,"That stuff between your toes"
1,None,"The 911 Truther movement"
1,None,"The ancient martial art of Flung Poo"
1,None,"The Boy Scouts of America"
1,None,"The cast of Jersey Shore"
1,None,"The Challenger explosion"
1,None,"The CIA selling crack in the inner-city"
1,None,"The Civil War"
1,None,"The Dick in My Mouth"
1,None,"The drama club"
1,None,"The dreams of a child"
1,None,"The entire Mormon Tabernacle Choir"
1,None,"The female orgasm"
1,None,"The harsh day of light"
1,None,"The Holy Grail"
1,None,"The Human Centipede"
1,None,"The Jonestown cult suicides"
1,None,"The Kardashian sisters"
1,None,"The Knights Who Say 'Ni'!"
1,None,"The lonliest Brony"
1,None,"The Maury Show"
1,None,"The orchestra that played as the Titanic went down"
1,None,"The Red Menace"
1,None,"The rich pageantry of Macy's Thanksgiving Day Parade"
1,None,"The Ron Popeil Pocket Fisherman"
1,None,"The second time I got crabs"
1,None,"The Spanish Inquisition"
1,None,"The Tea Party"
1,None,"The three wise men"
1,None,"The two actors who played Darren Stevens in 'Bewitched'"
1,None,"The wet spot on the bed"
1,None,"This is a test"
1,None,"This is what I'm saying!"
1,None,"Three and a half babies"
1,None,"Three Asian strippers, two porn stars, and a suitcase full of blow"
1,None,"Throwing a virgin into a volcano"
1,None,"Throwing Poop like a Monkey"
1,None,"Throwing up in your mouth"
1,None,"Tickle Me Elmo"
1,None,"Time travel"
1,None,"Toast with the burned image of Our Lord and Savior, Jesus Christ"
1,None,"Toenail fungus"
1,None,"Tossing Salad"
1,None,"Traveling back in time to become your own grandparent"
1,None,"Triangle Bush"
1,None,"Trying to be nice while describing a friend's ugly baby"
1,None,"Tuna noodle casserole"
1,None,"Twincest"
1,None,"Ugly Mexican hookers"
1,None,"Unconditional love"
1,None,"Underage cosplayers in bondage gear"
1,None,"Unidentifiable spots on your dick"
1,None,"Unironic Tebowing"
1,None,"Vagina dentata"
1,None,"Victims of lead-based paint"
1,None,"Vorpal Dildo of Enlightenment +2"
1,None,"War crimes"
1,None,"Watching a Twilight movie on purpose"
1,None,"Wearing extra thin pants for a strip club lap dance"
1,None,"Wearing the genitals of a defeated enemy around your neck as a trophy"
1,None,"White Trash"
1,None,"Wolf-whistling at Girl Scouts"
1,None,"Women"
1,None,"Wondering if it was something you did which caused your significant other to become gay"
1,None,"Wondering if the colorblind have an equally useless superpower"
1,None,"World Series of Felching"
1,None,"Yellow snow"
1,None,"You are a whore"
1,None,"Your ass hurting from wiping too much"
1,None,"Your aunt barging into the bathroom when you're pooping"
1,None,"Your face"
1,None,"Zombie consultants"
1,None,"Zyklon B"